step,loss,val_loss,lr,grad_norm,proj_grad_norm,tokens_per_s
0,11.86094,11.86179,3.000e-06,0.937,0.668,427
1,11.85962,11.86179,6.000e-06,0.920,0.656,3502
2,11.85719,11.86179,9.000e-06,0.887,0.633,3021
3,11.85166,11.86179,1.200e-05,0.872,0.624,3558
4,11.84475,11.86179,1.500e-05,0.924,0.657,3538
5,11.82555,11.86179,1.800e-05,0.892,0.640,3467
6,11.81879,11.86179,2.100e-05,0.975,0.687,3477
7,11.79560,11.86179,2.400e-05,0.920,0.644,3316
8,11.78111,11.86179,2.700e-05,0.911,0.642,2726
9,11.76548,11.86179,3.000e-05,0.826,0.584,3129
10,11.73402,11.86179,3.300e-05,0.887,0.611,2938
11,11.71328,11.86179,3.600e-05,0.859,0.584,3361
12,11.68639,11.86179,3.900e-05,0.956,0.626,3616
13,11.66285,11.86179,4.200e-05,0.970,0.611,3622
14,11.62550,11.86179,4.500e-05,1.011,0.612,3408
15,11.60388,11.86179,4.800e-05,0.846,0.512,3488
16,11.56145,11.86179,5.100e-05,0.870,0.500,3507
17,11.50775,11.86179,5.400e-05,0.926,0.491,3515
18,11.48578,11.86179,5.700e-05,0.972,0.466,3523
19,11.43630,11.86179,6.000e-05,0.954,0.422,3498
20,11.38792,11.86179,6.300e-05,1.092,0.429,3704
21,11.39394,11.86179,6.600e-05,0.891,0.360,3835
22,11.29032,11.86179,6.900e-05,1.067,0.335,3853
23,11.23892,11.86179,7.200e-05,1.114,0.303,3549
24,11.24503,11.86179,7.500e-05,0.973,0.256,3561
25,11.16303,11.86179,7.800e-05,1.162,0.236,3653
26,11.12568,11.86179,8.100e-05,1.098,0.203,3763
27,11.06905,11.86179,8.400e-05,1.179,0.189,3778
28,11.04644,11.86179,8.700e-05,1.061,0.181,3778
29,10.97394,11.86179,9.000e-05,1.127,0.160,3776
30,10.99116,11.86179,9.300e-05,1.001,0.206,3773
31,10.92785,11.86179,9.600e-05,1.024,0.172,3793
32,10.86846,11.86179,9.900e-05,1.089,0.129,3571
33,10.77039,11.86179,1.020e-04,1.262,0.129,3571
34,10.73793,11.86179,1.050e-04,1.120,0.135,3567
35,10.68746,11.86179,1.080e-04,1.107,0.123,3571
36,10.64458,11.86179,1.110e-04,1.233,0.120,3574
37,10.58368,11.86179,1.140e-04,1.181,0.118,3573
38,10.51949,11.86179,1.170e-04,1.190,0.119,3569
39,10.48299,11.86179,1.200e-04,1.211,0.104,3690
40,10.42451,11.86179,1.230e-04,1.137,0.111,3774
41,10.37204,11.86179,1.260e-04,1.218,0.086,3600
42,10.30841,11.86179,1.290e-04,1.124,0.094,3640
43,10.22664,11.86179,1.320e-04,1.232,0.079,3354
44,10.19659,11.86179,1.350e-04,1.158,0.074,2949
45,10.12702,11.86179,1.380e-04,1.084,0.067,2499
46,10.07349,11.86179,1.410e-04,1.116,0.081,3010
47,9.99235,11.86179,1.440e-04,1.097,0.076,2688
48,9.91557,11.86179,1.470e-04,1.174,0.088,3445
49,9.86741,11.86179,1.500e-04,1.172,0.084,3459
50,9.80112,11.86179,1.530e-04,1.165,0.070,3699
51,9.72781,11.86179,1.560e-04,1.205,0.064,3714
52,9.65868,11.86179,1.590e-04,1.061,0.054,3714
53,9.61988,11.86179,1.620e-04,1.105,0.053,3682
54,9.55217,11.86179,1.650e-04,1.137,0.054,3465
55,9.49582,11.86179,1.680e-04,1.159,0.051,3474
56,9.40903,11.86179,1.710e-04,1.038,0.053,3647
57,9.37649,11.86179,1.740e-04,1.126,0.057,3721
58,9.33007,11.86179,1.770e-04,1.133,0.058,3725
59,9.30616,11.86179,1.800e-04,1.166,0.058,3720
60,9.20591,11.86179,1.830e-04,1.157,0.053,3716
61,9.17701,11.86179,1.860e-04,1.289,0.055,3705
62,9.05434,11.86179,1.890e-04,1.218,0.062,3728
63,8.99043,11.86179,1.920e-04,0.980,0.052,3711
64,8.98867,11.86179,1.950e-04,0.939,0.050,3707
65,8.82831,11.86179,1.980e-04,1.032,0.063,3714
66,8.82007,11.86179,2.010e-04,1.095,0.060,3715
67,8.80465,11.86179,2.040e-04,0.990,0.051,3712
68,8.67896,11.86179,2.070e-04,1.113,0.050,3716
69,8.64625,11.86179,2.100e-04,1.146,0.051,3716
70,8.57419,11.86179,2.130e-04,0.908,0.057,3721
71,8.58828,11.86179,2.160e-04,1.067,0.054,3724
72,8.50837,11.86179,2.190e-04,0.996,0.064,3714
73,8.43159,11.86179,2.220e-04,0.915,0.058,3711
74,8.41828,11.86179,2.250e-04,0.927,0.055,3719
75,8.27448,11.86179,2.280e-04,0.834,0.073,3716
76,8.27274,11.86179,2.310e-04,0.889,0.072,3718
77,8.30450,11.86179,2.340e-04,0.977,0.070,3713
78,8.26920,11.86179,2.370e-04,0.910,0.073,3719
79,8.19618,11.86179,2.400e-04,0.822,0.082,3721
80,8.21292,11.86179,2.430e-04,0.795,0.069,3714
81,8.09497,11.86179,2.460e-04,0.809,0.069,3677
82,8.05834,11.86179,2.490e-04,0.785,0.079,3715
83,8.07009,11.86179,2.520e-04,0.734,0.083,3700
84,8.00742,11.86179,2.550e-04,0.761,0.079,3691
85,7.91335,11.86179,2.580e-04,0.693,0.108,3504
86,8.04603,11.86179,2.610e-04,0.718,0.108,3522
87,7.97506,11.86179,2.640e-04,0.650,0.098,3741
88,7.87067,11.86179,2.670e-04,0.584,0.100,3720
89,7.93305,11.86179,2.700e-04,0.517,0.124,3720
90,7.75318,11.86179,2.730e-04,0.537,0.149,3719
91,7.76013,11.86179,2.760e-04,0.523,0.106,3645
92,7.75429,11.86179,2.790e-04,0.478,0.094,3513
93,7.71394,11.86179,2.820e-04,0.473,0.106,3516
94,7.71924,11.86179,2.850e-04,0.457,0.115,3518
95,7.69932,11.86179,2.880e-04,0.445,0.090,3631
96,7.68679,11.86179,2.910e-04,0.426,0.131,3713
97,7.63574,11.86179,2.940e-04,0.456,0.161,3715
98,7.50637,11.86179,2.970e-04,0.420,0.113,3721
99,7.65478,11.86179,3.000e-04,0.389,0.168,3715
100,7.52728,11.86179,3.030e-04,0.565,0.310,3713
101,7.60962,11.86179,3.060e-04,0.381,0.194,3681
102,7.52508,11.86179,3.090e-04,0.424,0.284,3717
103,7.58118,11.86179,3.120e-04,0.504,0.304,3714
104,7.53578,11.86179,3.150e-04,0.321,0.105,3732
105,7.55267,11.86179,3.180e-04,0.376,0.232,3714
106,7.43843,11.86179,3.210e-04,0.348,0.162,3713
107,7.55605,11.86179,3.240e-04,0.345,0.171,3717
108,7.38872,11.86179,3.270e-04,0.342,0.163,3719
109,7.41438,11.86179,3.300e-04,0.423,0.297,3713
110,7.44986,11.86179,3.330e-04,0.406,0.289,3716
111,7.44330,11.86179,3.360e-04,0.658,0.487,3706
112,7.45551,11.86179,3.390e-04,0.418,0.281,3517
113,7.42313,11.86179,3.420e-04,0.366,0.261,3521
114,7.42223,11.86179,3.450e-04,0.693,0.524,3520
115,7.47176,11.86179,3.480e-04,0.722,0.596,3517
116,7.27239,11.86179,3.510e-04,0.324,0.196,3516
117,7.36476,11.86179,3.540e-04,0.655,0.513,3512
118,7.37220,11.86179,3.570e-04,0.390,0.277,3496
119,7.33160,11.86179,3.600e-04,0.496,0.366,3564
120,7.36733,11.86179,3.630e-04,0.355,0.255,3715
121,7.35854,11.86179,3.660e-04,0.485,0.338,3681
122,7.23666,11.86179,3.690e-04,0.404,0.251,3722
123,7.22267,11.86179,3.720e-04,0.492,0.376,3718
124,7.21118,11.86179,3.750e-04,0.380,0.257,3730
125,7.17839,11.86179,3.780e-04,0.542,0.389,3710
126,7.27934,11.86179,3.810e-04,0.527,0.435,3722
127,7.24461,11.86179,3.840e-04,0.369,0.250,3719
128,7.26045,11.86179,3.870e-04,0.353,0.248,3748
129,7.30007,11.86179,3.900e-04,0.454,0.358,3714
130,7.24033,11.86179,3.930e-04,0.391,0.283,3707
131,7.16826,11.86179,3.960e-04,0.415,0.314,3719
132,7.06915,11.86179,3.990e-04,0.443,0.330,3718
133,7.21428,11.86179,4.020e-04,0.369,0.260,3715
134,7.13992,11.86179,4.050e-04,0.509,0.380,3717
135,7.15182,11.86179,4.080e-04,0.394,0.312,3718
136,7.12712,11.86179,4.110e-04,0.510,0.425,3712
137,6.99189,11.86179,4.140e-04,0.389,0.278,3730
138,7.09558,11.86179,4.170e-04,0.687,0.585,3718
139,7.03000,11.86179,4.200e-04,0.508,0.384,3723
140,6.96297,11.86179,4.230e-04,0.454,0.383,3724
141,7.16665,11.86179,4.260e-04,0.630,0.512,3710
142,7.06711,11.86179,4.290e-04,0.352,0.232,3722
143,7.00104,11.86179,4.320e-04,0.415,0.335,3728
144,6.99462,11.86179,4.350e-04,0.525,0.440,3734
145,7.07521,11.86179,4.380e-04,0.438,0.303,3716
146,7.09523,11.86179,4.410e-04,0.766,0.663,3713
147,6.93392,11.86179,4.440e-04,0.355,0.239,3717
148,7.05158,11.86179,4.470e-04,0.468,0.350,3716
149,6.99239,11.86179,4.500e-04,0.353,0.243,3715
150,7.09521,11.86179,4.530e-04,0.631,0.506,3717
151,6.95705,11.86179,4.560e-04,0.992,0.834,3718
152,7.03874,11.86179,4.590e-04,0.515,0.399,3718
153,6.89523,11.86179,4.620e-04,0.557,0.444,3741
154,6.88896,11.86179,4.650e-04,0.569,0.477,3715
155,6.94321,11.86179,4.680e-04,0.492,0.346,3717
156,7.02074,11.86179,4.710e-04,0.391,0.319,3718
157,6.92866,11.86179,4.740e-04,0.644,0.553,3715
158,6.94033,11.86179,4.770e-04,0.534,0.463,3716
159,6.93579,11.86179,4.800e-04,0.524,0.452,3712
160,6.94379,11.86179,4.830e-04,0.539,0.469,3717
161,6.92633,11.86179,4.860e-04,0.408,0.326,3677
162,7.05312,11.86179,4.890e-04,0.520,0.416,3747
163,6.70532,11.86179,4.920e-04,0.630,0.557,3715
164,6.94314,11.86179,4.950e-04,0.579,0.524,3718
165,6.98127,11.86179,4.980e-04,0.507,0.425,3691
166,6.81004,11.86179,5.010e-04,0.690,0.619,3520
167,6.95456,11.86179,5.040e-04,0.454,0.364,3521
168,6.82579,11.86179,5.070e-04,0.490,0.407,3517
169,6.85702,11.86179,5.100e-04,0.533,0.464,3668
170,6.74202,11.86179,5.130e-04,0.492,0.416,3733
171,6.77148,11.86179,5.160e-04,0.770,0.714,3709
172,6.82612,11.86179,5.190e-04,0.547,0.491,3720
173,6.83604,11.86179,5.220e-04,0.558,0.488,3721
174,6.80037,11.86179,5.250e-04,0.442,0.366,3721
175,6.75152,11.86179,5.280e-04,0.550,0.480,3722
176,6.79157,11.86179,5.310e-04,0.366,0.284,3724
177,7.00542,11.86179,5.340e-04,0.419,0.341,3728
178,6.86940,11.86179,5.370e-04,0.477,0.396,3714
179,6.80815,11.86179,5.400e-04,0.504,0.434,3716
180,6.69657,11.86179,5.430e-04,0.641,0.565,3715
181,6.74513,11.86179,5.460e-04,0.424,0.321,3673
182,6.96001,11.86179,5.490e-04,0.616,0.546,3718
183,6.77378,11.86179,5.520e-04,0.512,0.451,3717
184,6.75748,11.86179,5.550e-04,0.649,0.566,3716
185,6.61344,11.86179,5.580e-04,0.564,0.475,3714
186,6.75554,11.86179,5.610e-04,0.481,0.395,3636
187,6.84221,11.86179,5.640e-04,0.655,0.538,3664
188,6.74584,11.86179,5.670e-04,0.671,0.603,3517
189,6.76945,11.86179,5.700e-04,0.631,0.514,3518
190,6.67269,11.86179,5.730e-04,0.587,0.515,3518
191,6.74468,11.86179,5.760e-04,0.593,0.518,3514
192,6.54289,11.86179,5.790e-04,0.665,0.593,3521
193,6.65963,11.86179,5.820e-04,0.747,0.682,3521
194,6.67324,11.86179,5.850e-04,0.642,0.573,3531
195,6.70293,11.86179,5.880e-04,0.538,0.466,3713
196,6.74547,11.86179,5.910e-04,0.686,0.617,3717
197,6.61835,11.86179,5.940e-04,0.572,0.482,3716
198,6.61084,11.86179,5.970e-04,0.677,0.631,3716
199,6.61289,11.86179,6.000e-04,0.436,0.354,3721
200,6.50597,11.86179,6.000e-04,0.603,0.547,3715
201,6.65685,11.86179,6.000e-04,0.625,0.553,3676
202,6.62824,11.86179,6.000e-04,0.520,0.452,3721
203,6.55312,11.86179,6.000e-04,0.574,0.499,3724
204,6.56325,11.86179,6.000e-04,0.486,0.386,3717
205,6.41051,11.86179,6.000e-04,0.682,0.621,3718
206,6.72615,11.86179,6.000e-04,0.632,0.565,3541
207,6.55904,11.86179,6.000e-04,0.812,0.749,3521
208,6.60569,11.86179,6.000e-04,0.556,0.498,3517
209,6.41455,11.86179,6.000e-04,0.825,0.777,3519
210,6.58219,11.86179,6.000e-04,0.580,0.522,3576
211,6.55452,11.86179,6.000e-04,0.562,0.495,3713
212,6.47973,11.86179,6.000e-04,0.662,0.609,3653
213,6.55733,11.86179,6.000e-04,0.453,0.383,3518
214,6.49051,11.86179,6.000e-04,0.600,0.520,3520
215,6.51076,11.86179,6.000e-04,0.651,0.583,3519
216,6.54697,11.86179,6.000e-04,0.675,0.596,3522
217,6.45140,11.86179,6.000e-04,0.920,0.847,3521
218,6.58954,11.86179,5.999e-04,0.803,0.743,3517
219,6.45964,11.86179,5.999e-04,0.604,0.518,3736
220,6.62592,11.86179,5.999e-04,0.851,0.780,3718
221,6.57610,11.86179,5.999e-04,0.568,0.468,3679
222,6.44188,11.86179,5.999e-04,0.802,0.733,3715
223,6.50609,11.86179,5.999e-04,0.640,0.563,3719
224,6.57284,11.86179,5.999e-04,0.698,0.592,3716
225,6.59902,11.86179,5.999e-04,0.895,0.820,3710
226,6.32156,11.86179,5.999e-04,0.669,0.589,3716
227,6.49338,11.86179,5.999e-04,0.868,0.804,3744
228,6.51513,11.86179,5.999e-04,0.655,0.590,3717
229,6.54828,11.86179,5.999e-04,0.624,0.533,3717
230,6.53302,11.86179,5.998e-04,0.775,0.714,3719
231,6.50735,11.86179,5.998e-04,0.485,0.402,3715
232,6.43645,11.86179,5.998e-04,0.601,0.502,3716
233,6.48872,11.86179,5.998e-04,0.580,0.481,3719
234,6.41679,11.86179,5.998e-04,0.602,0.540,3716
235,6.62571,11.86179,5.998e-04,0.676,0.576,3721
236,6.53164,11.86179,5.998e-04,0.563,0.485,3723
237,6.51102,11.86179,5.998e-04,0.509,0.446,3722
238,6.55783,11.86179,5.998e-04,0.566,0.482,3715
239,6.50147,11.86179,5.997e-04,0.499,0.419,3718
240,6.55017,11.86179,5.997e-04,0.491,0.406,3719
241,6.58002,11.86179,5.997e-04,0.625,0.557,3679
242,6.53600,11.86179,5.997e-04,0.524,0.444,3721
243,6.42855,11.86179,5.997e-04,0.556,0.490,3745
244,6.38096,11.86179,5.997e-04,0.778,0.723,3712
245,6.43113,11.86179,5.997e-04,0.734,0.675,3719
246,6.41341,11.86179,5.996e-04,0.627,0.566,3583
247,6.34932,11.86179,5.996e-04,0.713,0.653,3521
248,6.45080,11.86179,5.996e-04,0.555,0.492,3518
249,6.33687,11.86179,5.996e-04,0.554,0.498,3523
250,6.20976,6.37266,5.996e-04,0.715,0.658,401
251,6.46580,6.37266,5.996e-04,0.510,0.447,3579
252,6.42657,6.37266,5.995e-04,0.529,0.470,3580
253,6.50267,6.37266,5.995e-04,0.475,0.400,3711
254,6.36496,6.37266,5.995e-04,0.519,0.449,3720
255,6.36921,6.37266,5.995e-04,0.513,0.451,3717
256,6.46562,6.37266,5.995e-04,0.500,0.427,3716
257,6.39560,6.37266,5.994e-04,0.542,0.482,3714
258,6.31153,6.37266,5.994e-04,0.563,0.496,3718
259,6.38804,6.37266,5.994e-04,0.689,0.627,3713
260,6.25525,6.37266,5.994e-04,0.592,0.532,3725
261,6.28329,6.37266,5.994e-04,0.648,0.593,3680
262,6.33821,6.37266,5.993e-04,0.729,0.657,3716
263,6.24731,6.37266,5.993e-04,0.604,0.540,3718
264,6.27253,6.37266,5.993e-04,0.688,0.624,3714
265,6.25069,6.37266,5.993e-04,0.684,0.622,3521
266,6.39833,6.37266,5.993e-04,0.669,0.605,3520
267,6.37470,6.37266,5.992e-04,0.662,0.589,3524
268,6.26281,6.37266,5.992e-04,0.783,0.732,3640
269,6.34887,6.37266,5.992e-04,0.781,0.721,3718
270,6.19634,6.37266,5.992e-04,0.937,0.871,3717
271,6.32116,6.37266,5.991e-04,0.781,0.714,3645
272,6.39652,6.37266,5.991e-04,0.637,0.553,3522
273,6.22773,6.37266,5.991e-04,0.820,0.750,3520
274,6.36169,6.37266,5.991e-04,0.716,0.634,3522
275,6.50739,6.37266,5.990e-04,0.704,0.618,3521
276,6.30997,6.37266,5.990e-04,0.539,0.455,3532
277,6.10603,6.37266,5.990e-04,0.792,0.723,3728
278,6.29453,6.37266,5.990e-04,0.636,0.562,3547
279,6.36831,6.37266,5.989e-04,0.664,0.582,3522
280,6.29269,6.37266,5.989e-04,0.684,0.621,3521
281,6.23802,6.37266,5.989e-04,0.718,0.654,3512
282,6.28627,6.37266,5.989e-04,0.563,0.495,3520
283,6.19502,6.37266,5.988e-04,0.746,0.692,3519
284,6.48747,6.37266,5.988e-04,0.603,0.525,3519
285,6.11117,6.37266,5.988e-04,0.771,0.714,3680
286,6.25640,6.37266,5.987e-04,0.576,0.515,3717
287,6.30811,6.37266,5.987e-04,0.520,0.444,3715
288,6.50782,6.37266,5.987e-04,0.558,0.472,3715
289,6.19235,6.37266,5.987e-04,0.605,0.523,3719
290,6.20270,6.37266,5.986e-04,0.585,0.508,3717
291,6.34973,6.37266,5.986e-04,0.599,0.529,3716
292,6.15143,6.37266,5.986e-04,0.672,0.603,3728
293,6.27329,6.37266,5.985e-04,0.518,0.438,3716
294,6.33973,6.37266,5.985e-04,0.551,0.479,3726
295,6.28748,6.37266,5.985e-04,0.689,0.612,3718
296,6.22459,6.37266,5.984e-04,0.550,0.481,3728
297,6.34512,6.37266,5.984e-04,0.617,0.543,3720
298,6.18132,6.37266,5.984e-04,0.574,0.510,3722
299,6.31041,6.37266,5.983e-04,0.456,0.382,3721
300,6.10204,6.37266,5.983e-04,0.739,0.685,3720
301,6.20789,6.37266,5.983e-04,0.567,0.498,3726
302,6.21538,6.37266,5.982e-04,0.603,0.548,3719
303,6.20783,6.37266,5.982e-04,0.566,0.498,3715
304,6.26690,6.37266,5.982e-04,0.641,0.580,3716
305,6.17800,6.37266,5.981e-04,0.555,0.491,3521
306,5.99387,6.37266,5.981e-04,0.672,0.597,3520
307,6.25013,6.37266,5.981e-04,0.645,0.579,3521
308,6.09897,6.37266,5.980e-04,0.607,0.543,3521
309,6.35264,6.37266,5.980e-04,0.616,0.546,3588
310,6.22924,6.37266,5.979e-04,0.664,0.612,3715
311,6.36805,6.37266,5.979e-04,0.595,0.527,3720
312,6.16134,6.37266,5.979e-04,0.753,0.694,3719
313,6.14349,6.37266,5.978e-04,0.604,0.542,3717
314,6.06917,6.37266,5.978e-04,0.823,0.771,3718
315,6.25723,6.37266,5.978e-04,0.579,0.509,3719
316,6.35318,6.37266,5.977e-04,0.672,0.591,3715
317,6.15981,6.37266,5.977e-04,0.611,0.543,3716
318,6.13966,6.37266,5.976e-04,0.669,0.589,3742
319,6.11250,6.37266,5.976e-04,0.703,0.620,3711
320,6.15861,6.37266,5.976e-04,0.598,0.526,3714
321,6.08878,6.37266,5.975e-04,0.659,0.592,3678
322,5.94534,6.37266,5.975e-04,0.756,0.686,3715
323,6.29322,6.37266,5.974e-04,0.637,0.577,3719
324,6.18059,6.37266,5.974e-04,0.562,0.494,3720
325,6.21428,6.37266,5.973e-04,0.507,0.435,3729
326,6.31977,6.37266,5.973e-04,0.676,0.609,3719
327,6.07968,6.37266,5.973e-04,0.641,0.569,3720
328,6.03910,6.37266,5.972e-04,0.555,0.490,3719
329,6.18300,6.37266,5.972e-04,0.683,0.621,3719
330,6.15632,6.37266,5.971e-04,0.610,0.544,3721
331,6.12286,6.37266,5.971e-04,0.685,0.617,3714
332,6.06910,6.37266,5.970e-04,0.572,0.505,3521
333,6.21165,6.37266,5.970e-04,0.755,0.693,3523
334,6.10101,6.37266,5.970e-04,0.593,0.526,3636
335,6.21509,6.37266,5.969e-04,0.644,0.577,3720
336,6.33571,6.37266,5.969e-04,0.544,0.466,3716
337,6.20120,6.37266,5.968e-04,0.575,0.509,3717
338,6.15014,6.37266,5.968e-04,0.543,0.478,3649
339,6.21253,6.37266,5.967e-04,0.599,0.529,3518
340,5.94421,6.37266,5.967e-04,0.587,0.522,3526
341,5.99484,6.37266,5.966e-04,0.811,0.752,3510
342,6.21813,6.37266,5.966e-04,0.623,0.565,3540
343,5.89781,6.37266,5.965e-04,0.854,0.800,3713
344,6.12905,6.37266,5.965e-04,0.732,0.677,3717
345,6.27833,6.37266,5.964e-04,0.649,0.586,3561
346,6.08791,6.37266,5.964e-04,0.662,0.603,3525
347,6.15525,6.37266,5.963e-04,0.624,0.568,3523
348,6.07586,6.37266,5.963e-04,0.654,0.595,3523
349,5.95281,6.37266,5.962e-04,0.731,0.666,3522
350,6.01561,6.37266,5.962e-04,0.584,0.523,3519
351,6.22812,6.37266,5.961e-04,0.495,0.425,3680
352,6.05952,6.37266,5.961e-04,0.641,0.580,3724
353,6.13670,6.37266,5.960e-04,0.552,0.480,3718
354,6.02388,6.37266,5.960e-04,0.598,0.536,3720
355,6.17245,6.37266,5.959e-04,0.544,0.474,3720
356,6.18046,6.37266,5.959e-04,0.608,0.538,3720
357,6.20681,6.37266,5.958e-04,0.735,0.668,3715
358,6.13000,6.37266,5.958e-04,0.617,0.555,3729
359,6.16130,6.37266,5.957e-04,0.734,0.667,3715
360,6.01815,6.37266,5.957e-04,0.653,0.587,3723
361,6.20721,6.37266,5.956e-04,0.756,0.700,3681
362,6.09020,6.37266,5.956e-04,0.594,0.533,3715
363,6.07623,6.37266,5.955e-04,0.808,0.743,3717
364,6.09775,6.37266,5.954e-04,0.596,0.534,3718
365,6.32413,6.37266,5.954e-04,0.676,0.615,3578
366,6.01863,6.37266,5.953e-04,0.860,0.796,3520
367,6.05778,6.37266,5.953e-04,0.672,0.609,3686
368,6.12233,6.37266,5.952e-04,0.683,0.622,3719
369,6.12074,6.37266,5.952e-04,0.612,0.537,3720
370,5.94579,6.37266,5.951e-04,0.662,0.600,3719
371,5.89519,6.37266,5.950e-04,0.721,0.650,3718
372,5.99253,6.37266,5.950e-04,0.603,0.530,3522
373,6.05532,6.37266,5.949e-04,0.829,0.761,3522
374,6.03058,6.37266,5.949e-04,0.675,0.614,3523
375,6.00098,6.37266,5.948e-04,0.723,0.651,3595
376,6.12466,6.37266,5.948e-04,0.563,0.491,3718
377,6.07093,6.37266,5.947e-04,0.680,0.614,3721
378,6.04118,6.37266,5.946e-04,0.670,0.605,3720
379,6.04243,6.37266,5.946e-04,0.562,0.494,3716
380,6.07784,6.37266,5.945e-04,0.625,0.555,3722
381,5.90916,6.37266,5.945e-04,0.777,0.723,3683
382,5.91468,6.37266,5.944e-04,0.629,0.557,3715
383,6.10247,6.37266,5.943e-04,0.795,0.735,3719
384,5.85085,6.37266,5.943e-04,0.781,0.710,3730
385,6.20901,6.37266,5.942e-04,0.682,0.605,3719
386,6.16092,6.37266,5.941e-04,0.759,0.698,3717
387,6.13896,6.37266,5.941e-04,0.636,0.546,3719
388,6.00104,6.37266,5.940e-04,0.702,0.641,3720
389,6.01438,6.37266,5.940e-04,0.674,0.600,3720
390,5.86727,6.37266,5.939e-04,0.784,0.713,3720
391,6.01838,6.37266,5.938e-04,0.613,0.552,3730
392,5.95696,6.37266,5.938e-04,0.717,0.651,3719
393,5.97890,6.37266,5.937e-04,0.633,0.571,3721
394,6.12185,6.37266,5.936e-04,0.613,0.539,3720
395,5.97400,6.37266,5.936e-04,0.692,0.624,3715
396,5.91396,6.37266,5.935e-04,0.618,0.557,3723
397,5.94262,6.37266,5.934e-04,0.658,0.603,3719
398,5.95401,6.37266,5.934e-04,0.629,0.562,3717
399,6.08388,6.37266,5.933e-04,0.581,0.516,3721
400,6.09135,6.37266,5.932e-04,0.621,0.560,3748
401,5.96711,6.37266,5.932e-04,0.646,0.587,3680
402,5.95001,6.37266,5.931e-04,0.621,0.531,3718
403,5.88165,6.37266,5.930e-04,0.655,0.595,3718
404,5.98581,6.37266,5.930e-04,0.722,0.645,3719
405,5.97091,6.37266,5.929e-04,0.756,0.691,3691
406,6.01009,6.37266,5.928e-04,0.867,0.807,3522
407,6.02189,6.37266,5.928e-04,0.671,0.599,3525
408,5.87212,6.37266,5.927e-04,0.682,0.614,3517
409,5.98158,6.37266,5.926e-04,0.739,0.678,3735
410,6.08880,6.37266,5.925e-04,0.540,0.469,3724
411,5.88549,6.37266,5.925e-04,0.713,0.639,3717
412,6.03724,6.37266,5.924e-04,0.800,0.737,3565
413,6.08743,6.37266,5.923e-04,0.537,0.467,3521
414,5.91164,6.37266,5.923e-04,0.678,0.599,3524
415,6.02528,6.37266,5.922e-04,0.550,0.482,3523
416,5.87438,6.37266,5.921e-04,0.643,0.574,3526
417,5.98573,6.37266,5.920e-04,0.591,0.527,3633
418,6.04428,6.37266,5.920e-04,0.670,0.599,3715
419,6.01740,6.37266,5.919e-04,0.605,0.531,3717
420,6.09013,6.37266,5.918e-04,0.567,0.492,3716
421,5.82523,6.37266,5.917e-04,0.741,0.686,3679
422,5.87877,6.37266,5.917e-04,0.580,0.509,3717
423,6.01420,6.37266,5.916e-04,0.744,0.661,3718
424,5.97810,6.37266,5.915e-04,0.646,0.576,3735
425,5.82652,6.37266,5.914e-04,0.643,0.580,3686
426,5.93892,6.37266,5.914e-04,0.596,0.521,3521
427,6.06593,6.37266,5.913e-04,0.622,0.551,3522
428,5.98073,6.37266,5.912e-04,0.688,0.617,3520
429,6.10684,6.37266,5.911e-04,0.586,0.513,3520
430,6.01571,6.37266,5.911e-04,0.569,0.503,3525
431,6.01862,6.37266,5.910e-04,0.586,0.516,3523
432,6.04008,6.37266,5.909e-04,0.591,0.509,3522
433,6.07437,6.37266,5.908e-04,0.552,0.471,3707
434,5.85340,6.37266,5.907e-04,0.664,0.595,3722
435,5.91758,6.37266,5.907e-04,0.590,0.522,3717
436,5.86555,6.37266,5.906e-04,0.630,0.566,3726
437,5.97090,6.37266,5.905e-04,0.594,0.527,3720
438,5.79528,6.37266,5.904e-04,0.698,0.637,3715
439,5.88511,6.37266,5.904e-04,0.623,0.550,3716
440,5.79251,6.37266,5.903e-04,0.797,0.728,3718
441,6.02073,6.37266,5.902e-04,0.572,0.506,3703
442,5.93174,6.37266,5.901e-04,0.742,0.663,3717
443,5.80750,6.37266,5.900e-04,0.748,0.686,3721
444,6.08145,6.37266,5.899e-04,0.702,0.584,3725
445,5.74723,6.37266,5.899e-04,0.807,0.742,3717
446,6.02749,6.37266,5.898e-04,0.696,0.612,3723
447,5.96122,6.37266,5.897e-04,0.660,0.582,3709
448,5.91227,6.37266,5.896e-04,0.732,0.666,3711
449,5.85615,6.37266,5.895e-04,0.674,0.599,3720
450,5.89731,6.37266,5.894e-04,0.749,0.677,3733
451,6.03658,6.37266,5.894e-04,0.641,0.563,3711
452,5.80936,6.37266,5.893e-04,0.661,0.595,3720
453,6.05965,6.37266,5.892e-04,0.717,0.628,3721
454,5.88452,6.37266,5.891e-04,0.687,0.615,3713
455,5.77435,6.37266,5.890e-04,0.741,0.678,3720
456,6.02285,6.37266,5.889e-04,0.581,0.509,3717
457,5.87032,6.37266,5.889e-04,0.661,0.596,3726
458,6.01622,6.37266,5.888e-04,0.564,0.479,3715
459,6.01426,6.37266,5.887e-04,0.669,0.599,3719
460,5.87151,6.37266,5.886e-04,0.583,0.513,3718
461,5.94076,6.37266,5.885e-04,0.715,0.655,3679
462,5.78669,6.37266,5.884e-04,0.665,0.603,3724
463,6.01875,6.37266,5.883e-04,0.651,0.585,3725
464,5.97401,6.37266,5.882e-04,0.667,0.604,3721
465,6.12659,6.37266,5.882e-04,0.586,0.520,3724
466,5.73415,6.37266,5.881e-04,0.589,0.520,3744
467,5.97083,6.37266,5.880e-04,0.589,0.514,3720
468,5.76020,6.37266,5.879e-04,0.825,0.763,3718
469,6.03636,6.37266,5.878e-04,0.612,0.534,3717
470,5.82945,6.37266,5.877e-04,0.727,0.662,3717
471,5.99220,6.37266,5.876e-04,0.730,0.645,3714
472,5.88609,6.37266,5.875e-04,0.666,0.597,3720
473,5.90391,6.37266,5.874e-04,0.786,0.716,3715
474,5.96552,6.37266,5.873e-04,0.659,0.591,3722
475,5.94777,6.37266,5.872e-04,0.622,0.549,3742
476,5.92528,6.37266,5.872e-04,0.691,0.620,3720
477,5.78714,6.37266,5.871e-04,0.763,0.694,3718
478,5.74377,6.37266,5.870e-04,0.814,0.749,3717
479,5.82815,6.37266,5.869e-04,0.757,0.689,3717
480,6.07118,6.37266,5.868e-04,0.532,0.452,3720
481,5.76979,6.37266,5.867e-04,0.870,0.807,3682
482,5.86017,6.37266,5.866e-04,0.628,0.553,3719
483,6.07705,6.37266,5.865e-04,0.659,0.582,3719
484,6.09831,6.37266,5.864e-04,0.688,0.622,3731
485,5.94678,6.37266,5.863e-04,0.711,0.637,3718
486,5.79447,6.37266,5.862e-04,0.616,0.553,3716
487,5.82929,6.37266,5.861e-04,0.722,0.655,3720
488,5.97602,6.37266,5.860e-04,0.628,0.553,3716
489,6.07659,6.37266,5.859e-04,0.593,0.518,3719
490,5.89876,6.37266,5.858e-04,0.622,0.551,3718
491,6.06036,6.37266,5.857e-04,0.707,0.623,3728
492,5.88359,6.37266,5.856e-04,0.745,0.676,3718
493,5.92106,6.37266,5.855e-04,0.564,0.488,3721
494,5.93102,6.37266,5.854e-04,0.691,0.624,3717
495,6.29931,6.37266,5.853e-04,0.622,0.540,3721
496,5.90787,6.37266,5.852e-04,0.687,0.620,3718
497,5.93033,6.37266,5.851e-04,0.629,0.560,3718
498,5.84782,6.37266,5.850e-04,0.670,0.604,3722
499,5.80349,6.37266,5.849e-04,0.610,0.538,3719
500,5.96086,5.85195,5.848e-04,0.685,0.609,408
501,5.92450,5.85195,5.847e-04,0.577,0.480,3685
502,5.72323,5.85195,5.846e-04,0.785,0.725,3719
503,5.78698,5.85195,5.845e-04,0.671,0.602,3720
504,5.81438,5.85195,5.844e-04,0.714,0.636,3719
